{"cameraMode":{"drawMode":0,"name":"Shaded","section":"Shading Mode"},"sceneLighting":true,"audioPlay":false,"sceneViewState":{"showFog":true,"showMaterialUpdate":false,"showSkybox":true,"showFlares":true,"showImageEffects":true,"showParticleSystems":true},"in2DMode":false,"pivot":{"x":2.3181729316711427,"y":1.6440517902374268,"z":-0.9507031440734863},"rotation":{"x":-0.1269492655992508,"y":0.2618420124053955,"z":-0.034748002886772159,"w":-0.956112265586853},"size":2.927008628845215,"orthographic":false}